,prediction
0,0.12325618509972529
1,0.14668820473174274
2,0.1579532878835346
3,0.15850629994706583
4,0.11118005713938592
5,0.11213912987348629
6,0.11550936961013095
7,0.09384441177439144
8,0.12542139005621145
9,0.10578640816105586
10,0.13851408795436598
11,0.12789796931598385
12,0.07007680017607733
13,0.0988579501426729
14,0.07859997823039352
15,0.06765753806964872
16,0.07483209656410084
17,0.037651812178469274
18,0.07946697575892561
19,0.08346742675193031
20,0.10067563082858151
21,0.09831443705069057
22,0.08426063892776496
23,0.08457561573813863
24,0.05084313503887091
25,0.06631906642510733
26,0.0718872203069788
27,0.11133188214776304
28,0.07555179463061337
29,0.08710682431438366
30,0.09632610774405465
31,0.08979363029788998
32,0.06899617692775148
33,0.06327625455263045
34,0.07942423353826387
35,0.09422257697548034
36,0.07191246117473957
37,0.10438191471010302
38,0.09895087472180746
39,0.10227015905233598
40,0.10087617314654443
41,0.1224389653419885
42,0.12324359405690884
43,0.09153800364403027
44,0.11169183187805895
45,0.10715839374703932
46,0.10664130552071797
47,0.09422957967398367
48,0.10868011927744037
49,0.113935850405786
50,0.11780439281882457
51,0.0950493614262356
52,0.09379174678510208
53,0.09404325899066826
54,0.0806565830761328
55,0.10599331419786791
56,0.13694065480574508
57,0.10279323383325426
58,0.09344857903688239
59,0.0788365421712765
60,0.1028765667438638
61,0.10395907533141172
62,0.11977168427341385
63,0.1114648510853384
64,0.08177671704927737
65,0.09775495433880255
66,0.07307625267432187
67,0.10086288152855509
68,0.13681030183577797
69,0.13413425692892503
70,0.11787017219843546
71,0.08966385184367945
72,0.07348452788353146
73,0.08301792073279793
74,0.08968868313724716
75,0.13066234714543004
76,0.14245548674066047
77,0.11938807782090935
78,0.08702217237416734
79,0.09926562337603334
80,0.12172253108219074
81,0.12483713037621387
82,0.12861942499400963
83,0.13413425692892503
84,0.13093740742435203
85,0.07950982593963571
86,0.10306744200482691
87,0.1116492467695972
88,0.12861942499400963
89,0.1273618103528761
90,0.11593609975600197
91,0.1273618103528761
92,0.10233361118919107
93,0.10848711656131751
94,0.117094239040381
95,0.13565216255139892
96,0.08325305254659235
97,0.10210579966530653
98,0.1065854413438981
99,0.10449334760112024
100,0.12379778888299738
101,0.11801715555650424
102,0.1127010388076545
103,0.11489593674876238
104,0.123363693865664
105,0.12246427894478225
106,0.11441819413352809
107,0.11281488094826012
108,0.08266517485796239
109,0.08656746432950531
110,0.09890932786986432
111,0.1036204627664363
112,0.13083052644038667
113,0.11316464183227937
114,0.11316464183227937
115,0.11245350698265
116,0.13565216255139892
117,0.12172253108219074
118,0.12324359405690884
119,0.11316526838860881
120,0.11169183187805895
121,0.10705459145130547
122,0.10188545806052451
123,0.11417392674625944
124,0.13565216255139892
125,0.13565216255139892
126,0.13565216255139892
127,0.1020820989836249
128,0.1020820989836249
129,0.10233361118919107
130,0.1028765667438638
131,0.12349925661807364
132,0.14397339236313436
133,0.12250929662865122
134,0.11316464183227937
135,0.12623187705819594
136,0.12476149967938273
137,0.11772876212199343
138,0.11772876212199343
139,0.11628648719635068
140,0.11568994836527105
141,0.1119521228593993
142,0.10180982736369337
143,0.10335889457107436
144,0.12861942499400963
145,0.11593609975600197
146,0.11593609975600197
147,0.08818119696764835
148,0.06930650317608979
149,0.09734379578322219
150,0.11119779655559928
151,0.11751948122268234
152,0.10176980884861783
153,0.11316464183227937
154,0.09370009124244856
155,0.11299646253732273
156,0.14397339236313436
157,0.1340586262320939
158,0.10705514002325041
159,0.1023471770816871
160,0.10553668582883158
161,0.10705459145130547
162,0.10188545806052451
163,0.12246427894478225
164,0.13413425692892503
165,0.13253094374365706
166,0.10950969309328691
167,0.08889421537700824
168,0.12179816177902185
169,0.10233361118919107
170,0.1223411173336946
171,0.14397339236313436
172,0.13565216255139892
173,0.10865529585627413
174,0.12630750775502705
175,0.13565216255139892
176,0.13565216255139892
177,0.1355765318545678
178,0.12483713037621387
179,0.12710151937153574
180,0.12475767977145558
181,0.123363693865664
182,0.11417392674625944
183,0.13565216255139892
184,0.13565216255139892
185,0.13565216255139892
186,0.13565216255139892
187,0.11593609975600197
188,0.12179816177902185
189,0.11618761196156815
190,0.1223411173336946
191,0.14397339236313436
192,0.13565216255139892
193,0.12250929662865122
194,0.12630750775502705
195,0.13565216255139892
196,0.13565216255139892
197,0.1355765318545678
198,0.12483713037621387
199,0.12710151937153574
200,0.13253094374365706
201,0.123363693865664
202,0.11417392674625944
203,0.13565216255139892
204,0.13565216255139892
205,0.13565216255139892
206,0.13565216255139892
207,0.11593609975600197
208,0.12179816177902185
209,0.11618761196156815
210,0.1223411173336946
211,0.14397339236313436
212,0.13565216255139892
213,0.12250929662865122
214,0.12630750775502705
215,0.13565216255139892
216,0.13565216255139892
217,0.13565216255139892
218,0.13565216255139892
219,0.13413425692892503
220,0.13253094374365706
221,0.123363693865664
222,0.12246427894478225
223,0.13565216255139892
224,0.13565216255139892
225,0.13565216255139892
226,0.13565216255139892
227,0.13565216255139892
228,0.12179816177902185
229,0.13565216255139892
230,0.13565216255139892
231,0.13565216255139892
232,0.13565216255139892
233,0.13565216255139892
234,0.13565216255139892
235,0.13565216255139892
236,0.1355765318545678
237,0.12476149967938273
238,0.11772876212199343
239,0.11780439281882457
240,0.12861942499400963
241,0.1273618103528761
242,0.1273618103528761
243,0.1273618103528761
244,0.13565216255139892
245,0.13565216255139892
246,0.11593609975600197
247,0.11593609975600197
248,0.09647154916617118
249,0.1028765667438638
250,0.11119779655559928
251,0.13066234714543004
252,0.13083052644038667
253,0.11316464183227937
254,0.11316464183227937
255,0.12630750775502705
256,0.1355765318545678
257,0.12483713037621387
258,0.12710151937153574
259,0.13101303812118317
260,0.11872456943544825
261,0.09876423925278265
262,0.11017581025904732
263,0.12246427894478225
264,0.13565216255139892
265,0.13565216255139892
266,0.11593609975600197
267,0.12179816177902185
268,0.10233361118919107
269,0.10848711656131751
270,0.14397339236313436
271,0.13565216255139892
272,0.12250929662865122
273,0.12630750775502705
274,0.13565216255139892
275,0.1355765318545678
276,0.12476149967938273
277,0.11780439281882457
278,0.12710151937153574
279,0.13253094374365706
280,0.11507334166714119
281,0.11417392674625944
282,0.13565216255139892
283,0.13565216255139892
284,0.13565216255139892
285,0.11593609975600197
286,0.11586046905917084
287,0.09144294831717488
288,0.08502879701128944
289,0.12362960958804074
290,0.14397339236313436
291,0.1142189444301284
292,0.10487428963375652
293,0.12630750775502705
294,0.1355765318545678
295,0.12483713037621387
296,0.10890336219861267
297,0.11773260030644057
298,0.11154848753135241
299,0.0791765270518642
300,0.10518599485307845
301,0.12362241822916128
302,0.12250929662865122
303,0.11316464183227937
304,0.1065914449596301
305,0.13565216255139892
306,0.10233361118919107
307,0.10848711656131751
308,0.14245548674066047
309,0.13101303812118317
310,0.1070996091351744
311,0.10083115546267547
312,0.12246427894478225
313,0.13565216255139892
314,0.1355765318545678
315,0.12476149967938273
316,0.11628648719635068
317,0.11725425092712545
318,0.10950969309328691
319,0.11417392674625944
320,0.1252785169296922
321,0.09030784010870052
322,0.05081900993138775
323,0.006610668714879017
324,-0.00805474205566767
325,-0.025440937813978826
326,-0.025440937813978826
327,-0.025440937813978826
328,0.0059184385821495445
329,0.0059184385821495445
330,-0.03205292813228982
331,-0.03205292813228982
332,-0.030699434342261016
333,-0.05216649542263348
334,-0.06698359574896202
335,-0.057675056223058005
336,-0.07253012698511947
337,-0.06698359574896202
338,-0.057675056223058005
339,-0.057675056223058005
340,-0.05241655969477581
341,-0.03957163179892255
342,-0.044830128327204746
343,-0.044830128327204746
344,-0.044830128327204746
345,-0.044830128327204746
346,-0.013470751931076375
347,-0.013470751931076375
348,-0.013470751931076375
349,-0.058236317864094056
350,-0.06702614161065412
351,-0.04326609615426151
352,-0.044830128327204746
353,-0.044830128327204746
354,-0.06859017378359737
355,-0.06702614161065412
356,-0.04326609615426151
357,-0.044830128327204746
358,-0.044830128327204746
359,-0.0882839495311194
360,-0.09160613580179038
361,-0.10523787334054409
362,-0.10399171514072447
363,-0.10399171514072447
364,-0.07160343778417569
365,-0.07284959598399529
366,-0.09236053037936968
367,-0.06702614161065412
368,-0.06702614161065412
369,-0.08065787914940784
370,-0.07941172094958823
371,-0.10399171514072447
372,-0.09618343197531191
373,-0.07284959598399529
374,-0.09254337173151732
375,-0.08671991735817616
376,-0.08627330710449033
377,-0.0903664963844059
378,-0.0473592854341771
379,-0.05195245757903212
380,-0.09540627878294676
381,-0.08801879223666238
382,-0.08671991735817616
383,-0.06702614161065412
384,-0.04326609615426151
385,-0.06859017378359737
386,-0.06702614161065412
387,-0.0886305894644354
388,-0.0737526937258621
389,-0.06832501648914033
390,-0.07284959598399529
391,-0.06702614161065412
392,-0.08065787914940784
393,-0.021014417477816842
394,-0.05953519274258027
395,-0.08778020840123521
396,-0.07941172094958823
397,-0.07941172094958823
398,-0.08523517532292939
399,-0.10981516951406563
400,-0.07160343778417569
401,-0.09254337173151732
402,-0.09254337173151732
403,-0.08671991735817616
404,-0.06702614161065412
405,-0.08195675402789404
406,-0.07941172094958823
407,-0.10399171514072447
408,-0.07160343778417569
409,-0.07284959598399529
410,-0.050388425406088885
411,-0.06859017378359737
412,-0.08065787914940784
413,-0.08071059582807445
414,-0.08071059582807445
415,-0.09748230685379813
416,-0.07414847086248151
417,-0.11236020259237145
418,-0.10399171514072447
419,-0.06577998341083453
420,-0.086481333522749
421,-0.08523517532292939
422,-0.10399171514072447
423,-0.11111404439255183
424,-0.08653405020141561
425,-0.08653405020141561
426,-0.10981516951406563
427,-0.09618343197531191
428,-0.086481333522749
429,-0.08523517532292939
430,-0.06707885828932074
431,-0.07414847086248151
432,-0.07414847086248151
433,-0.08065787914940784
434,-0.10399171514072447
435,-0.10529059001921068
436,-0.11111404439255183
437,-0.08523517532292939
438,-0.0729023126626619
439,-0.08778020840123521
440,-0.08653405020141561
441,-0.06707885828932074
442,-0.08778020840123521
443,-0.11111404439255183
444,-0.10529059001921068
445,-0.10981516951406563
446,-0.11111404439255183
447,-0.0729023126626619
448,-0.07284959598399529
449,-0.086481333522749
450,-0.07941172094958823
451,-0.10529059001921068
452,-0.08653405020141561
453,-0.11111404439255183
454,-0.11111404439255183
455,-0.11111404439255183
456,-0.07160343778417569
457,-0.07414847086248151
458,-0.07414847086248151
459,-0.06702614161065412
460,-0.08195675402789404
461,-0.06707885828932074
462,-0.06832501648914033
463,-0.10747398414875724
464,-0.09165885248045698
465,-0.08671991735817616
466,-0.086481333522749
467,-0.08071059582807445
468,-0.10000770629899321
469,-0.09748230685379813
470,-0.09872846505361774
471,-0.09872846505361774
472,-0.0929050106802766
473,-0.08801879223666238
474,-0.08671991735817616
475,-0.09160613580179038
476,-0.08065787914940784
477,-0.10399171514072447
478,-0.08071059582807445
479,-0.08523517532292939
480,-0.08523517532292939
481,-0.0729023126626619
482,-0.09742959017513153
483,-0.086481333522749
484,-0.08738443126461581
485,-0.06707885828932074
486,-0.11236020259237145
487,-0.08523517532292939
488,-0.07941172094958823
489,-0.07160343778417569
490,-0.09742959017513153
491,-0.09742959017513153
492,-0.11085330129562657
493,-0.10933106262045966
494,-0.11062993749894587
495,-0.08653405020141561
496,-0.08653405020141561
497,-0.08653405020141561
498,-0.0729023126626619
499,-0.09247313371170426
500,-0.08523517532292939
501,-0.08071059582807445
502,-0.09320788563795697
503,-0.08523517532292939
504,-0.0729023126626619
505,-0.07414847086248151
506,-0.07414847086248151
507,-0.08065787914940784
508,-0.07941172094958823
509,-0.06577998341083453
510,-0.050388425406088885
511,-0.05032604981520106
512,-0.065822778953213
513,-0.07316693028133399
514,-0.06707885828932074
515,-0.06832501648914033
516,-0.07284959598399529
517,-0.08801879223666238
518,-0.08801879223666238
519,-0.08801879223666238
520,-0.06832501648914033
521,-0.06832501648914033
522,-0.06702614161065412
523,-0.06702614161065412
524,-0.08671991735817616
525,-0.06832501648914033
526,-0.06832501648914033
527,-0.06702614161065412
528,-0.06702614161065412
529,-0.08065787914940784
530,-0.07941172094958823
531,-0.09165885248045698
532,-0.09742959017513153
533,-0.07284959598399529
534,-0.06702614161065412
535,-0.06702614161065412
536,-0.06702614161065412
537,-0.08065787914940784
538,-0.07941172094958823
539,-0.07941172094958823
540,-0.07160343778417569
541,-0.086481333522749
542,-0.08523517532292939
543,-0.06577998341083453
544,-0.07284959598399529
545,-0.07284959598399529
546,-0.08065787914940784
547,-0.08071059582807445
548,-0.08071059582807445
549,-0.07160343778417569
550,-0.11106132771388524
551,-0.08523517532292939
552,-0.07941172094958823
553,-0.07160343778417569
554,-0.09254337173151732
555,-0.07414847086248151
556,-0.0929050106802766
557,-0.08195675402789404
558,-0.07941172094958823
559,-0.06707885828932074
560,-0.07414847086248151
561,-0.07284959598399529
562,-0.08065787914940784
563,-0.07941172094958823
564,-0.08071059582807445
565,-0.08653405020141561
566,-0.11111404439255183
567,-0.10981516951406563
568,-0.11111404439255183
569,-0.08653405020141561
570,-0.0729023126626619
571,-0.086481333522749
572,-0.060008244321185435
573,-0.08065787914940784
574,-0.08523517532292939
575,-0.06707885828932074
576,-0.07414847086248151
577,-0.07284959598399529
578,-0.08065787914940784
579,-0.07941172094958823
580,-0.06707885828932074
581,-0.08778020840123521
582,-0.0729023126626619
583,-0.08195675402789404
584,-0.08653405020141561
585,-0.06707885828932074
586,-0.07414847086248151
587,-0.09384224661000354
588,-0.09160613580179038
589,-0.08195675402789404
590,-0.07941172094958823
591,-0.06707885828932074
592,-0.07414847086248151
593,-0.05511853156892506
594,-0.06859017378359737
595,-0.06702614161065412
596,-0.08195675402789404
597,-0.08071059582807445
598,-0.06577998341083453
599,-0.07414847086248151
600,-0.07284959598399529
601,-0.06832501648914033
602,-0.06832501648914033
603,-0.08065787914940784
604,-0.07941172094958823
605,-0.10399171514072447
606,-0.09618343197531191
607,-0.11236020259237145
608,-0.09748230685379813
609,-0.08065787914940784
610,-0.08523517532292939
611,-0.08502714890467071
612,-0.10221241301663431
613,-0.07284959598399529
614,-0.08778020840123521
615,-0.06707885828932074
616,-0.08065787914940784
617,-0.08523517532292939
618,-0.07941172094958823
619,-0.08523517532292939
620,-0.08523517532292939
621,-0.08653405020141561
622,-0.09320788563795697
623,-0.08653405020141561
624,-0.08523517532292939
625,-0.08653405020141561
626,-0.08523517532292939
627,-0.11111404439255183
628,-0.08653405020141561
629,-0.08653405020141561
630,-0.08523517532292939
631,-0.08523517532292939
632,-0.08653405020141561
633,-0.08523517532292939
634,-0.08653405020141561
635,-0.08653405020141561
636,-0.08653405020141561
637,-0.09252585039037087
638,-0.08653405020141561
639,-0.08653405020141561
640,-0.08653405020141561
641,-0.08653405020141561
642,-0.08653405020141561
643,-0.08653405020141561
644,-0.08653405020141561
645,-0.08653405020141561
646,-0.08653405020141561
647,-0.11111404439255183
648,-0.08653405020141561
649,-0.08653405020141561
650,-0.08653405020141561
651,-0.08653405020141561
652,-0.08653405020141561
653,-0.08653405020141561
654,-0.08653405020141561
655,-0.08653405020141561
656,-0.08653405020141561
657,-0.08653405020141561
658,-0.08653405020141561
659,-0.08653405020141561
660,-0.08653405020141561
661,-0.08653405020141561
662,-0.08653405020141561
663,-0.08653405020141561
664,-0.08653405020141561
665,-0.08653405020141561
666,-0.08653405020141561
667,-0.11111404439255183
668,-0.08653405020141561
669,-0.08653405020141561
670,-0.08653405020141561
671,-0.08653405020141561
672,-0.08653405020141561
673,-0.08653405020141561
674,-0.08653405020141561
675,-0.08653405020141561
676,-0.08653405020141561
677,-0.08653405020141561
678,-0.08653405020141561
679,-0.08653405020141561
680,-0.08653405020141561
681,-0.08653405020141561
682,-0.08653405020141561
683,-0.08653405020141561
684,-0.08653405020141561
685,-0.08653405020141561
686,-0.08653405020141561
687,-0.08653405020141561
688,-0.08653405020141561
689,-0.08653405020141561
690,-0.08653405020141561
691,-0.08653405020141561
692,-0.08653405020141561
693,-0.08653405020141561
694,-0.08653405020141561
695,-0.08653405020141561
696,-0.08653405020141561
697,-0.08653405020141561
698,-0.08653405020141561
699,-0.08653405020141561
700,-0.08653405020141561
701,-0.08653405020141561
702,-0.08653405020141561
703,-0.08653405020141561
704,-0.08653405020141561
705,-0.08653405020141561
706,-0.11111404439255183
707,-0.11111404439255183
708,-0.11111404439255183
709,-0.08653405020141561
710,-0.08653405020141561
711,-0.08385117282531473
712,-0.08509733102513432
713,-0.061337285568741705
714,-0.06271407513117434
715,-0.06271407513117434
716,-0.06271407513117434
717,-0.06271407513117434
718,-0.06271407513117434
719,-0.06271407513117434
720,-0.08647412058756695
721,-0.06115004295823111
722,-0.06271407513117434
723,-0.03135469873504598
724,-0.06271407513117434
725,-0.06271407513117434
726,-0.0824078508786964
727,-0.06271407513117434
728,-0.06271407513117434
729,-0.06141520025268814
730,-0.05615670372440594
731,-0.05615670372440594
732,-0.05615670372440594
733,-0.05615670372440594
734,-0.05615670372440594
735,-0.04954471340609496
736,-0.04954471340609496
737,-0.04446143510705775
738,-0.04954471340609496
739,-0.04954471340609496
740,-0.04954471340609496
741,-0.0690016316202592
742,-0.0690016316202592
743,-0.031030264905819838
744,-0.062389641301948205
745,-0.049537109832680414
746,-0.04421220259511462
747,-0.03801455134312378
748,-0.007567040197904098
749,-0.02725563786211992
750,-0.029087838493491603
751,-0.017784455803319804
752,-0.030813420074881626
753,0.006020587490374024
754,0.007852788121745714
755,-0.020636043005170353
756,-0.029087838493491603
757,-0.032393027177528656
758,-0.0243178643007776
759,0.010790561683088028
760,0.015927950998496775
761,0.023129003484492632
762,0.023129003484492632
763,0.023129003484492632
764,0.02309682506054429
765,-0.011979422499372993
766,-0.017116811814781738
767,-0.019627287673732532
768,-0.0243178643007776
769,0.010758383259139682
770,0.01589577257454843
771,0.023129003484492632
772,0.023129003484492632
773,0.023129003484492632
774,0.023129003484492632
775,0.02309682506054429
776,0.02309682506054429
777,0.007319725501880927
778,0.01953904284778259
779,0.019200961258585482
780,0.02309682506054429
781,0.041785707493687305
782,0.029854122800465493
783,0.041785707493687305
784,0.04851082680966017
785,0.02982194437651715
786,0.02309682506054429
787,0.041785707493687305
788,0.02982194437651715
789,0.02309682506054429
790,0.04369148260282493
791,0.05075032886799606
792,0.03172771948565477
793,0.027242102228017807
794,0.025336327118880182
795,-0.0072888458723279256
796,-0.010520460078599046
797,-0.014082596931359586
798,-0.019627287673732532
799,-0.017721512564594907
800,-0.012176821822221963
801,-0.014082596931359586
802,-0.019627287673732532
803,-0.01631288150082003
804,-0.01631288150082003
805,-0.019627287673732532
806,-0.019627287673732532
807,-0.03156035025681068
808,-0.03688525749437647
809,-0.04869295425960203
810,-0.04898610123267584
811,-0.054314478425197155
812,-0.07398035923823423
813,-0.06736836891992323
814,-0.06736836891992323
815,-0.06736836891992323
816,-0.07262686544820543
817,-0.07398035923823423
818,-0.07398035923823423
819,-0.09281265802601668
820,-0.0820555221149853
821,-0.16667121211055066
822,-0.13531183571442226
823,-0.16667121211055066
824,-0.16667121211055066
825,-0.16667121211055066
826,-0.16667121211055066
827,-0.16667121211055066
828,-0.1863649878580727
829,-0.1863649878580727
830,-0.16667121211055066
831,-0.15361732161582456
832,-0.16667121211055066
833,-0.16667121211055066
834,-0.16667121211055066
835,-0.17794758825997367
836,-0.1777157399361572
837,-0.16667121211055066
838,-0.16667121211055066
839,-0.16667121211055066
840,-0.17794758825997367
841,-0.16605013928755083
842,-0.13531183571442226
843,-0.16667121211055066
844,-0.16667121211055066
845,-0.16667121211055066
846,-0.16667121211055066
847,-0.16667121211055066
848,-0.16667121211055066
849,-0.16667121211055066
850,-0.16667121211055066
851,-0.16667121211055066
852,-0.14535102859919757
853,-0.13531183571442226
854,-0.16667121211055066
855,-0.16667121211055066
856,-0.16667121211055066
857,-0.16667121211055066
858,-0.16667121211055066
859,-0.17794758825997367
860,-0.14635636354002884
861,-0.16667121211055066
862,-0.16667121211055066
863,-0.15361732161582456
864,-0.17794758825997367
865,-0.1777157399361572
866,-0.17794758825997367
867,-0.1777157399361572
868,-0.16667121211055066
869,-0.16667121211055066
870,-0.16667121211055066
871,-0.16667121211055066
872,-0.1863649878580727
873,-0.1863649878580727
874,-0.1976413640074957
875,-0.19740951568367923
876,-0.1976413640074957
877,-0.2086858918331022
878,-0.21884319089392754
879,-0.20756681474450453
880,-0.1550056114619443
881,-0.18748381449779922
882,-0.25247905780154634
883,-0.21667776179257187
884,-0.2474848509615212
885,-0.2474848509615212
886,-0.25163029826662503
887,-0.26903168894001656
888,-0.2571140004883222
889,-0.23473786934188165
890,-0.1891719618687875
891,-0.1863649878580727
892,-0.1863649878580727
893,-0.20837950645815928
894,-0.22447368079784275
895,-0.23551820862344924
896,-0.20756681474450453
897,-0.2030400055875944
898,-0.21319730464841974
899,-0.22505452418768096
900,-0.17702013006203088
901,-0.18705932294680613
902,-0.1613777400408861
903,-0.1340383142032337
904,-0.10177555132648775
905,-0.06025997453299716
906,-0.03148841080326721
907,-0.03480281697617972
908,0.002715398806336969
909,-0.012647066487911062
910,0.026256898602215743
911,0.01788309612175563
912,0.011157976805782769
913,0.011157976805782769
914,0.02981468081497744
915,0.029854122800465493
916,0.023129003484492632
917,0.023129003484492632
918,0.023129003484492632
919,0.025034778593630257
920,0.025368505542828525
921,0.023129003484492632
922,0.023129003484492632
923,0.025034778593630257
924,0.025336327118880182
925,0.02309682506054429
926,0.010634131674793431
927,0.01953904284778259
928,0.0378898436917285
929,0.02982194437651715
930,0.02309682506054429
931,0.02309682506054429
932,0.02309682506054429
933,0.02309682506054429
934,0.02309682506054429
935,0.02309682506054429
936,0.02309682506054429
937,0.025002600169681914
938,0.025336327118880182
939,0.02309682506054429
940,0.02309682506054429
941,0.02309682506054429
942,0.02309682506054429
943,0.02309682506054429
944,0.02309682506054429
945,0.02309682506054429
946,-0.003974439699415422
947,-0.009111829014824166
948,0.010758383259139682
949,0.01589577257454843
950,0.02309682506054429
951,0.02309682506054429
952,0.02309682506054429
953,0.02309682506054429
954,0.02309682506054429
955,0.02309682506054429
956,0.02309682506054429
957,0.02309682506054429
958,0.02309682506054429
959,0.02309682506054429
960,0.02309682506054429
961,0.02309682506054429
962,0.023129003484492632
963,0.023129003484492632
964,0.02309682506054429
965,0.041785707493687305
966,0.02982194437651715
967,0.02309682506054429
968,0.02309682506054429
969,0.02309682506054429
970,0.02309682506054429
971,-0.003974439699415422
972,0.01795943574513555
973,0.01589577257454843
974,0.04369148260282493
975,0.03206144643485305
976,0.02309682506054429
977,0.041785707493687305
978,0.04851082680966017
979,0.02982194437651715
980,0.02309682506054429
981,0.02309682506054429
982,0.02309682506054429
983,0.025002600169681914
984,0.025336327118880182
985,0.02309682506054429
986,0.025002600169681914
987,0.02727428065196615
988,0.025336327118880182
989,0.02309682506054429
990,0.02309682506054429
991,0.041785707493687305
992,0.02982194437651715
993,0.02309682506054429
994,0.02309682506054429
995,0.02309682506054429
996,0.02309682506054429
997,-0.003974439699415422
998,0.01795943574513555
999,0.01589577257454843
1000,0.04369148260282493
1001,0.03206144643485305
1002,0.041785707493687305
1003,0.04851082680966017
1004,0.04851082680966017
1005,0.02982194437651715
1006,0.02309682506054429
1007,0.02309682506054429
1008,0.02309682506054429
1009,0.04369148260282493
1010,0.05075032886799606
1011,0.0504166019187978
1012,0.052656103977133696
1013,0.033999399967939006
1014,0.025336327118880182
1015,0.02309682506054429
1016,0.02309682506054429
1017,0.02309682506054429
1018,0.04369148260282493
1019,0.052656103977133696
1020,0.052656103977133696
1021,0.033967221543990664
1022,-0.001734937641079532
1023,0.01795943574513555
1024,0.01589577257454843
1025,0.02309682506054429
1026,0.02309682506054429
1027,0.025002600169681914
1028,0.027242102228017807
1029,0.04593098466116083
1030,0.05075032886799606
1031,0.02982194437651715
1032,0.02309682506054429
1033,0.02309682506054429
1034,0.02309682506054429
1035,0.02309682506054429
1036,0.02309682506054429
1037,0.02309682506054429
1038,0.04369148260282493
1039,0.033967221543990664
1040,0.0440252095520232
1041,0.04851082680966017
1042,0.02982194437651715
1043,0.02309682506054429
1044,0.02309682506054429
1045,0.02309682506054429
1046,0.02309682506054429
1047,0.025002600169681914
1048,0.025336327118880182
1049,0.025002600169681914
1050,0.04593098466116083
1051,0.05075032886799606
1052,0.04851082680966017
1053,0.02982194437651715
1054,0.02309682506054429
1055,0.02309682506054429
1056,0.02309682506054429
1057,0.02309682506054429
1058,0.010634131674793431
1059,0.021444817956920208
1060,0.023346238426058995
1061,0.027242102228017807
1062,0.025336327118880182
1063,0.02309682506054429
1064,0.02309682506054429
1065,0.02309682506054429
1066,0.02309682506054429
1067,0.041785707493687305
1068,0.02982194437651715
1069,0.02309682506054429
1070,0.02309682506054429
1071,0.02309682506054429
1072,0.02309682506054429
1073,0.010634131674793431
1074,0.01953904284778259
1075,0.019200961258585482
1076,0.025002600169681914
1077,0.0440252095520232
1078,0.04851082680966017
1079,0.02982194437651715
1080,0.02309682506054429
1081,0.02309682506054429
1082,0.041785707493687305
1083,0.02982194437651715
1084,0.02309682506054429
1085,0.02309682506054429
1086,0.025002600169681914
1087,-0.046718458906525116
1088,-0.0874222109787423
1089,-0.12749714906306825
1090,-0.15646964910801234
1091,-0.17188761378005452
1092,-0.17188761378005452
1093,-0.17188761378005452
1094,-0.17188761378005452
1095,-0.17188761378005452
1096,-0.17188761378005452
1097,-0.17188761378005452
1098,-0.17188761378005452
1099,-0.17188761378005452
1100,-0.17996277665680555
1101,-0.17996277665680555
1102,-0.17996277665680555
1103,-0.17996277665680555
1104,-0.17996277665680555
1105,-0.17996277665680555
1106,-0.17996277665680555
1107,-0.17996277665680555
1108,-0.17996277665680555
1109,-0.17996277665680555
1110,-0.17996277665680555
1111,-0.17996277665680555
1112,-0.17996277665680555
1113,-0.17996277665680555
1114,-0.17996277665680555
1115,-0.17996277665680555
1116,-0.17996277665680555
1117,-0.17996277665680555
1118,-0.17996277665680555
1119,-0.17996277665680555
1120,-0.17996277665680555
1121,-0.17996277665680555
1122,-0.17996277665680555
1123,-0.17996277665680555
1124,-0.17996277665680555
1125,-0.17996277665680555
1126,-0.17996277665680555
1127,-0.17996277665680555
1128,-0.17996277665680555
1129,-0.17996277665680555
1130,-0.17996277665680555
1131,-0.17996277665680555
1132,-0.17996277665680555
1133,-0.17996277665680555
1134,-0.17996277665680555
1135,-0.17996277665680555
1136,-0.17996277665680555
1137,-0.17996277665680555
1138,-0.17996277665680555
1139,-0.17996277665680555
1140,-0.17996277665680555
1141,-0.17996277665680555
1142,-0.17996277665680555
1143,-0.17996277665680555
1144,-0.17996277665680555
1145,-0.17996277665680555
1146,-0.17996277665680555
1147,-0.17996277665680555
1148,-0.17996277665680555
1149,-0.17996277665680555
1150,-0.17996277665680555
1151,-0.17996277665680555
1152,-0.17996277665680555
1153,-0.17996277665680555
1154,-0.17996277665680555
1155,-0.17996277665680555
1156,-0.17996277665680555
1157,-0.17996277665680555
1158,-0.17996277665680555
1159,-0.17996277665680555
1160,-0.17996277665680555
1161,-0.17996277665680555
1162,-0.17996277665680555
1163,-0.17996277665680555
1164,-0.17996277665680555
1165,-0.17996277665680555
1166,-0.17996277665680555
1167,-0.17996277665680555
1168,-0.17996277665680555
1169,-0.17996277665680555
1170,-0.17996277665680555
1171,-0.17996277665680555
1172,-0.17996277665680555
1173,-0.17996277665680555
1174,-0.17996277665680555
1175,-0.17996277665680555
1176,-0.17996277665680555
1177,-0.17996277665680555
1178,-0.17996277665680555
1179,-0.17996277665680555
1180,-0.17996277665680555
1181,-0.17996277665680555
1182,-0.17996277665680555
1183,-0.17996277665680555
1184,-0.17996277665680555
1185,-0.17996277665680555
1186,-0.17996277665680555
1187,-0.17996277665680555
1188,-0.17996277665680555
1189,-0.17996277665680555
1190,-0.17996277665680555
1191,-0.17996277665680555
1192,-0.17996277665680555
1193,-0.17996277665680555
1194,-0.17996277665680555
1195,-0.17996277665680555
1196,-0.17996277665680555
1197,-0.17996277665680555
1198,-0.17996277665680555
1199,-0.17996277665680555
1200,-0.17996277665680555
1201,-0.17996277665680555
1202,-0.17996277665680555
1203,-0.17996277665680555
1204,-0.17996277665680555
1205,-0.17996277665680555
1206,-0.17996277665680555
1207,-0.17996277665680555
1208,-0.17996277665680555
1209,-0.17996277665680555
1210,-0.17996277665680555
1211,-0.17996277665680555
1212,-0.17996277665680555
1213,-0.17996277665680555
1214,-0.17996277665680555
1215,-0.17996277665680555
1216,-0.17996277665680555
1217,-0.17996277665680555
1218,-0.17996277665680555
1219,-0.17996277665680555
1220,-0.17996277665680555
1221,-0.17996277665680555
1222,-0.17996277665680555
1223,-0.17996277665680555
1224,-0.17996277665680555
1225,-0.17996277665680555
1226,-0.17996277665680555
1227,-0.17996277665680555
1228,-0.17996277665680555
1229,-0.17996277665680555
1230,-0.17996277665680555
1231,-0.17996277665680555
1232,-0.17996277665680555
1233,-0.17996277665680555
1234,-0.17996277665680555
1235,-0.17996277665680555
1236,-0.17996277665680555
1237,-0.17996277665680555
1238,-0.17996277665680555
1239,-0.17996277665680555
1240,-0.17996277665680555
1241,-0.17996277665680555
1242,-0.17996277665680555
1243,-0.17996277665680555
1244,-0.17996277665680555
1245,-0.17996277665680555
1246,-0.17996277665680555
1247,-0.17996277665680555
1248,-0.17996277665680555
1249,-0.17996277665680555
1250,-0.19123915280622858
1251,-0.2022836806318351
1252,-0.19100730448241204
1253,-0.17996277665680555
1254,-0.17996277665680555
1255,-0.17996277665680555
1256,-0.17996277665680555
1257,-0.17996277665680555
1258,-0.17996277665680555
1259,-0.17996277665680555
1260,-0.16300615973693505
1261,-0.0721426356628158
1262,-0.0721426356628158
1263,-0.055186018742945285
1264,-0.06378409942134267
1265,-0.06378409942134267
1266,-0.061638909913583353
1267,-0.03540170463840494
1268,-0.05653951253297409
1269,-0.04332879920368404
1270,-0.049927522214663095
1271,-0.06688413913453359
1272,-0.036318742299597806
1273,-0.024461522760336564
1274,-0.061638909913583353
1275,-0.009027465343576109
1276,-0.02139528494588012
1277,-0.03958324377294107
1278,-0.027726024233679824
1279,-0.011051006504158096
1280,-0.012998858003269118
1281,-0.01479456049406817
1282,-0.017363643021681703
1283,0.0036309628494058934
1284,-0.010032210597037437
1285,0.0005441869588321661
1286,0.0005441869588321661
1287,-0.04637294747450661
1288,-0.07364860443090007
1289,-0.07364860443090007
1290,-0.042592544075142076
1291,-0.006067803359478822
1292,-0.006067803359478822
1293,-0.014846330474000219
1294,-0.011326299887761014
1295,-0.04718689112644756
1296,-0.03117602287390253
1297,-0.006067803359478822
1298,-0.011326299887761014
1299,-0.006067803359478822
1300,-0.006067803359478822
1301,0.011401030365231997
1302,-0.033364535567785694
1303,-0.004188111240373259
1304,-0.033364535567785694
1305,-0.04849284874504065
1306,-0.048221942642883056
1307,-0.048221942642883056
1308,-0.048221942642883056
1309,-0.04868277107123335
1310,-0.048953677173390955
1311,-0.004188111240373259
1312,0.011401030365231997
1313,0.011401030365231997
1314,0.011401030365231997
1315,0.011401030365231997
1316,0.011401030365231997
1317,-0.033364535567785694
1318,-0.04849284874504065
1319,-0.003917205138215658
1320,0.011401030365231997
1321,0.011401030365231997
1322,0.011401030365231997
1323,0.011401030365231997
1324,-0.033364535567785694
1325,-0.048953677173390955
1326,-0.08532700789082234
1327,-0.11093172973982879
1328,-0.06654037173236968
1329,-0.06230799298622012
1330,-0.10688927331987193
1331,-0.06607954330401938
1332,-0.04868277107123335
1333,-0.018003255481552738
1334,0.011401030365231997
1335,-0.033364535567785694
1336,-0.048953677173390955
1337,-0.004188111240373259
1338,-0.03290370713943539
1339,-0.003917205138215658
1340,0.011401030365231997
1341,-0.033364535567785694
1342,-0.004188111240373259
1343,0.011401030365231997
1344,-0.040876417454462965
1345,-0.056655481386260934
1346,0.00942066867469203
1347,0.011401030365231997
1348,0.0034283200502044204
1349,0.011401030365231997
1350,0.011401030365231997
1351,0.011401030365231997
1352,-0.033364535567785694
1353,-0.05124914897168187
1354,-0.006483583038664179
1355,0.011401030365231997
1356,-0.033364535567785694
1357,-0.050788320543331565
1358,-0.048221942642883056
1359,-0.04868277107123335
1360,-0.004188111240373259
1361,-0.03290370713943539
1362,-0.09307412907869243
1363,-0.11093172973982879
1364,-0.11093172973982879
1365,-0.07989468754519886
1366,-0.06249791531241282
1367,-0.06276882141457044
1368,-0.04849284874504065
1369,-0.048221942642883056
1370,-0.09307412907869243
1371,-0.06607954330401938
1372,-0.04868277107123335
1373,-0.018003255481552738
1374,-0.033364535567785694
1375,-0.004188111240373259
1376,0.011401030365231997
1377,0.011401030365231997
1378,0.011401030365231997
1379,0.005102354158840007
1380,-0.07771057660024468
1381,-0.11890444005485637
1382,-0.07405225361904696
1383,-0.06249791531241282
1384,-0.061666782833504796
1385,-0.05365594096584085
1386,-0.09307412907869243
1387,-0.06607954330401938
1388,-0.05619465295791063
1389,-0.06479338711070373
1390,-0.07022738543366154
1391,-0.050788320543331565
1392,-0.003917205138215658
1393,-0.033364535567785694
1394,0.011401030365231997
1395,-0.031527023130610586
1396,-0.04868277107123335
1397,-0.05124914897168187
1398,-0.09329971820584992
1399,-0.028309949933203838
1400,0.0058406965124272
1401,-0.002414113875947478
1402,0.011401030365231997
1403,0.005102354158840007
1404,-0.027728465967747983
1405,0.0034283200502044204
1406,-0.03290370713943539
1407,-0.05051741444117397
1408,-0.05097824286952426
1409,-0.05411676939419115
1410,-0.05540953959261293
1411,-0.04849284874504065
1412,-0.048221942642883056
1413,-0.09536960087698336
1414,-0.11322720153811971
1415,-0.06607954330401938
1416,-0.05449590995367144
1417,-0.04869921307115484
1418,-0.031107838734398353
1419,-0.057959942510775166
1420,-0.048221942642883056
1421,-0.048221942642883056
1422,-0.048221942642883056
1423,-0.04868277107123335
1424,-0.04050798947912586
1425,-0.006483583038664179
1426,0.017526009280672755
1427,-0.010042366531693311
1428,-0.03488406882997537
1429,-0.031107838734398353
1430,-0.05467780506210503
1431,-0.08393273548523532
1432,-0.10179033614637165
1433,-0.03155315754058998
1434,-0.06258387002205745
1435,-0.033185325825736176
1436,-0.01937018158455671
1437,-0.024458019445170294
1438,-0.0157744246774769
1439,-0.0033202115506011432
1440,-0.05097824286952426
1441,0.007125196876401112
1442,-0.019755755652720402
1443,-0.049500460311385885
1444,0.011401030365231997
1445,0.017526009280672755
1446,0.01944947642749249
1447,0.01944947642749249
1448,0.017526009280672755
1449,-0.0040554809494201104
1450,-0.06410179668517939
1451,-0.11093172973982879
1452,-0.11093172973982879
1453,-0.12474687398100825
1454,-0.08035551597354917
1455,-0.09914215213200184
1456,-0.12474687398100825
1457,-0.11093172973982879
1458,-0.13544859405051415
1459,-0.13544859405051415
1460,-0.13315312225222323
1461,-0.12474687398100825
1462,-0.13315312225222323
1463,-0.08035551597354917
1464,-0.04869921307115484
1465,-0.11529552159108689
1466,-0.11093172973982879
1467,-0.11093172973982879
1468,-0.13271958429603584
1469,-0.08832822628857676
1470,-0.070741531729598
1471,-0.0702807033012477
1472,-0.048221942642883056
1473,-0.09329971820584992
1474,-0.11890444005485637
1475,-0.11890444005485637
1476,-0.043562660355559064
1477,-0.012682295989265974
1478,-0.012682295989265974
1479,-0.006596853121584023
1480,-0.050901590626251415
1481,-0.003917205138215658
1482,0.0013758571934435553
1483,0.001132848251913502
1484,-0.04317188925275388
1485,-0.014185387251534154
1486,0.001132848251913502
1487,0.0013758571934435553
1488,-0.04292888031122384
1489,-0.0139423783100041
1490,0.016659526893514194
1491,0.0034283200502044204
1492,-0.0743906204434531
1493,-0.11024513641832963
1494,-0.01873093011790774
1495,0.0013193953670839836
1496,0.003614867165374903
1497,0.011401030365231997
1498,0.011401030365231997
1499,-0.03290370713943539
1500,-0.006483583038664179
1501,0.009105558566941079
1502,0.014364055095223278
1503,0.011401030365231997
1504,-0.06412243833013462
1505,-0.09997695430501115
1506,-0.09997695430501115
1507,-0.06852635902414131
1508,-0.011974274440230352
1509,-0.04115069876764279
1510,-0.05025255205187716
1511,-0.05025255205187716
1512,-0.04849284874504065
1513,-0.08745870112360996
1514,-0.06074019582428421
1515,-0.048221942642883056
1516,-0.05673984037324805
1517,-0.004188111240373259
1518,0.011401030365231997
1519,0.0013758571934435553
1520,-0.04292888031122384
1521,-0.0814669009346547
1522,-0.06203907070277041
1523,-0.005216080016701868
1524,0.0023159922868886936
1525,-0.05813063814117936
1526,-0.09398515411605587
1527,-0.09398515411605587
1528,-0.06852635902414131
1529,-0.08150594294664171
1530,-0.10177131731591296
1531,-0.097579500792833
1532,-0.11247303738541885
1533,-0.11247303738541885
1534,-0.11017756558712795
1535,-0.11017756558712795
1536,-0.10177131731591296
1537,-0.11017756558712795
1538,-0.11017756558712795
1539,-0.06982523390262751
1540,-0.09153111611843015
1541,-0.06852635902414131
1542,-0.003917205138215658
1543,-0.06721567621952265
1544,-0.0952840289945421
1545,-0.06203907070277041
1546,-0.09765931240572676
1547,-0.06982523390262751
1548,-0.015241253188490312
1549,-0.0419887452177787
1550,-0.0827657758131409
1551,-0.06203907070277041
1552,-0.09840637694001184
1553,-0.11701007298909494
1554,-0.07786441978264433
1555,-0.06360686786470633
1556,-0.10449181980769377
1557,-0.11496510272266196
1558,-0.07786441978264433
1559,-0.06460346478451104
1560,-0.07252308848420126
1561,-0.007782457917150386
1562,0.0078066836884548695
1563,0.009105558566941079
1564,-0.08174394958307782
1565,-0.06837501510231031
1566,-0.08708232888973717
1567,-0.12878024696384144
1568,-0.02974751611437958
1569,-0.002414113875947478
1570,-0.0204119973627635
1571,-0.006596853121584023
1572,0.011401030365231997
1573,-0.035199178937726304
1574,-0.011889915453243234
1575,-0.040876417454462965
1576,-0.048221942642883056
1577,-0.006483583038664179
1578,0.011401030365231997
1579,0.009105558566941079
1580,0.0013758571934435553
1581,0.011401030365231997
1582,0.0034283200502044204
1583,-0.03566000736607662
1584,-0.05922185928670944
1585,-0.012160821555400835
1586,-0.033364535567785694
1587,-0.08532700789082234
1588,-0.11093172973982879
1589,-0.11093172973982879
1590,-0.03558995004053148
1591,-0.0047095856742383965
1592,-0.002414113875947478
1593,0.009105558566941079
1594,0.009105558566941079
1595,-0.033364535567785694
1596,-0.004188111240373259
1597,0.011401030365231997
1598,0.011401030365231997
1599,0.011401030365231997
1600,0.011401030365231997
1601,0.011401030365231997
1602,-0.033364535567785694
1603,-0.004188111240373259
1604,-0.033364535567785694
1605,-0.012160821555400835
1606,-0.04133724588281327
1607,-0.04133724588281327
1608,-0.033364535567785694
1609,-0.004188111240373259
1610,-0.03290370713943539
1611,-0.048953677173390955
1612,-0.004188111240373259
1613,0.011401030365231997
1614,0.004022280267903871
1615,0.004022280267903871
1616,0.004022280267903871
1617,0.011401030365231997
1618,-0.03290370713943539
1619,-0.003917205138215658
1620,0.011401030365231997
1621,-0.00010076326121419219
1622,-0.005184041560251403
1623,-0.00010076326121419219
1624,-0.00010076326121419219
1625,-0.04440550076588158
1626,-0.06018456469767954
1627,-0.09096321965365291
1628,-0.11656794150265937
1629,-0.08312544365785308
1630,-0.02895211564420557
1631,-0.013362974038600312
1632,-0.005184041560251403
1633,-0.005184041560251403
1634,-0.049949607493269085
1635,-0.06507792067052405
1636,-0.020502277063699052
1637,-0.005184041560251403
1638,-0.00010076326121419219
1639,-0.04440550076588158
1640,-0.06045547079983714
1641,-0.06045547079983714
1642,-0.06045547079983714
1643,-0.06045547079983714
1644,-0.04948877906491879
1645,-0.02847498737872663
1646,-0.00807347357624177
1647,-0.04440550076588158
1648,-0.05972373626932923
1649,-0.06018456469767954
1650,-0.020773183165856655
1651,-0.005184041560251403
1652,7.445496803079217e-05
1653,-0.005184041560251403
1654,-0.007479513358542321
1655,-0.007479513358542321
1656,7.445496803079217e-05
1657,7.445496803079217e-05
1658,-0.005184041560251403
1659,-0.049949607493269085
1660,-0.010431408338537253
1661,0.0051577332670680025
1662,7.445496803079217e-05
1663,7.445496803079217e-05
1664,-0.00010076326121419219
1665,7.445496803079217e-05
1666,7.445496803079217e-05
1667,7.445496803079217e-05
1668,7.445496803079217e-05
1669,0.0051577332670680025
1670,7.445496803079217e-05
1671,0.0014279487580595885
1672,0.0066864452863417845
1673,0.018170096828241573
1674,0.02684258708037469
1675,0.03329191148101668
1676,0.0242156886868948
1677,0.0038238223272539255
1678,0.031739342674032875
1679,0.008691461325980115
1680,0.03001357145225627
1681,0.016942674086315616
1682,0.019493267752494006
1683,-0.002435126395241366
1684,0.03259620846951583
1685,0.0218331481245932
1686,0.03248206077763075
1687,0.03980329513808626
1688,0.027966683499254852
1689,0.027966683499254852
1690,-0.0013592363296580008
1691,0.027966683499254852
1692,0.027966683499254852
1693,0.027966683499254852
1694,0.027966683499254852
1695,0.013342497659216144
1696,-0.0013592363296580008
1697,0.027966683499254852
1698,0.013342497659216144
1699,0.04257525487346371
1700,0.049422341543324734
1701,-0.0012667149271229456
1702,-0.012222798539222191
1703,0.014095750367125081
1704,0.015927950998496775
1705,0.023129003484492632
1706,0.023129003484492632
1707,0.023129003484492632
1708,-0.008665016326460486
1709,0.017991614169083892
1710,0.015927950998496775
1711,0.023129003484492632
1712,0.023129003484492632
1713,0.023129003484492632
1714,0.023129003484492632
1715,0.02309682506054429
1716,0.02309682506054429
1717,0.02309682506054429
1718,0.023129003484492632
1719,0.02309682506054429
1720,-0.003974439699415422
1721,-0.009111829014824166
1722,0.010758383259139682
1723,0.034584655007691444
1724,0.04851082680966017
1725,0.02982194437651715
1726,0.02309682506054429
1727,0.02309682506054429
1728,0.02309682506054429
1729,0.04614873919984826
1730,0.02982194437651715
1731,0.041785707493687305
1732,0.054779633624958746
1733,0.052656103977133696
1734,0.03418497608267809
1735,0.027459856766705232
1736,0.02749203519065358
1737,0.02749203519065358
1738,0.029365631875842856
1739,0.0440252095520232
1740,0.0504166019187978
1741,0.03609075119181572
1742,0.029365631875842856
1743,0.035022051806766326
1744,0.02309682506054429
1745,0.03058855392473549
1746,0.040268192607933434
1747,0.03540016480684011
1748,0.03468832485756805
1749,0.03692782691590395
1750,0.04027427861262164
1751,0.05308261445384983
1752,0.06538595420014567
1753,0.051337197806098564
1754,0.051337197806098564
1755,0.052571532354229254
1756,0.016126397476292312
1757,0.0008612482045715089
1758,-0.005210195387371068
1759,0.00803331151327678
1760,-0.005210195387371068
1761,-0.0020814982293408104
1762,0.007598140453857133
1763,-0.03270064227394526
1764,-0.015655109921403537
1765,-0.005963581382147984
1766,-0.013291531694370102
1767,-0.006308444572468043
1768,-0.010951218363878048
1769,-0.013020873340218503
1770,-0.012198567234884793
1771,-0.010702835987585303
1772,-0.01226471545660011
1773,-0.01036635294034589
1774,-0.005883183426280872
1775,-0.020306844760191973
1776,-0.012677342747644616
1777,-0.0040338691781069275
1778,-0.01036635294034589
1779,-0.011436631136387963
1780,-0.016197373333883817
1781,-0.0326587234556598
1782,-0.01574502753631815
1783,-0.012616330378287893
1784,-0.04783083975939674
1785,-0.01954701656896245
1786,-0.021288436980760002
1787,-0.0767171013385142
1788,-0.0949180655972574
1789,-0.014154492560840564
1790,0.0012662756201787854
1791,0.004725934743658356
1792,0.025718520294700307
1793,-0.011396503261715625
1794,0.01152934367632236
1795,-0.012616330378287893
1796,0.00935547340670427
1797,0.022293067555605513
1798,-0.010194510028109617
1799,-0.013720728197378435
1800,-0.04355671313275246
1801,-0.03485714374980001
1802,-0.06631383339512788
1803,-0.11098079491935883
1804,-0.08660982964251393
1805,-0.09843809618349661
1806,-0.07044487335941597
1807,-0.029960998974754304
1808,-0.009900772014416132
1809,0.004735930024455631
1810,-0.007498081815287221
1811,0.00039683140182899396
1812,-0.013233191755261702
1813,-0.030105580644609452
1814,-0.017522717230022744
1815,-0.04770505743340645
1816,-0.03247307675829382
1817,-0.08786531943894617
1818,-0.037893362582789816
1819,-0.03195937501718675
1820,0.0456187781927281
1821,-0.0034874507056451417
1822,-0.005440921756338929
1823,-0.0034874507056451417
1824,0.004842449758980872
1825,-0.0199686459548109
1826,0.008917608062794222
1827,0.005749445134243798
1828,-0.009798013662810395
1829,-0.033322706256114686
1830,-0.0007486896554330935
1831,0.03957968962745101
1832,0.0349850578608437
1833,0.05749103608041174
1834,0.06907200763014495
1835,0.05786640138291068
1836,0.0784102263316063
1837,0.13381893438225126
1838,0.15393984186260756
1839,0.1439809099959771
1840,0.1407773209062648
1841,0.12625963791379788
1842,0.0786457261906637
1843,0.06309993339272668
1844,0.004509471106167633
1845,0.03063643477411242
1846,-0.006136362086315343
1847,-0.013819331672508022
1848,-0.001357480867511046
1849,0.040053284592774546
1850,0.0343610804386809
1851,0.011749381959251596
1852,0.010438485245171287
1853,0.0031804856600729176
1854,0.0031804856600729176
1855,-0.00013392051283958717
1856,0.01564317904582378
1857,0.022720991844824685
1858,0.02309682506054429
1859,0.02309682506054429
1860,0.023129003484492632
1861,0.023129003484492632
1862,0.02309682506054429
1863,0.02309682506054429
1864,0.02309682506054429
1865,0.02309682506054429
1866,0.02309682506054429
1867,0.02309682506054429
1868,0.041785707493687305
1869,0.02982194437651715
1870,0.02309682506054429
1871,0.02309682506054429
1872,0.02309682506054429
1873,0.007319725501880927
1874,0.003761943289119221
1875,0.01564317904582378
1876,0.019200961258585482
1877,0.025002600169681914
1878,0.025336327118880182
1879,0.02309682506054429
1880,0.02309682506054429
1881,0.02309682506054429
1882,0.02309682506054429
1883,0.02309682506054429
1884,0.02309682506054429
1885,0.02309682506054429
1886,0.02309682506054429
1887,0.02309682506054429
1888,0.02309682506054429
1889,0.02309682506054429
1890,0.02309682506054429
1891,0.02309682506054429
1892,0.02309682506054429
1893,0.02309682506054429
1894,0.02309682506054429
1895,0.02309682506054429
1896,0.02309682506054429
1897,0.02309682506054429
1898,0.02309682506054429
1899,0.02309682506054429
1900,-0.0072888458723279256
1901,0.01795943574513555
1902,0.01589577257454843
1903,0.02309682506054429
1904,0.02309682506054429
1905,0.02309682506054429
1906,0.02309682506054429
1907,0.02309682506054429
1908,0.02309682506054429
1909,0.02309682506054429
1910,0.02309682506054429
1911,0.02309682506054429
1912,0.02309682506054429
1913,0.02309682506054429
1914,0.02309682506054429
1915,0.02309682506054429
1916,-0.011979422499372993
1917,0.01795943574513555
1918,0.01589577257454843
1919,0.02309682506054429
